<ImportExportXml version="9.1.0.16233" SolutionPackageVersion="9.1" languagecode="1033" generatedBy="CrmLive" xmlns:xsi="http://www.w3.org/2001/XMLSchema-instance">
  <SolutionManifest>
    <UniqueName>CDSPlatformSolution</UniqueName>
    <LocalizedNames>
      <LocalizedName description="CDS Platform Solution" languagecode="1033" />
    </LocalizedNames>
    <Descriptions />
    <Version>1.0.0.0</Version>
    <Managed>0</Managed>
    <Publisher>
      <UniqueName>cdsp</UniqueName>
      <LocalizedNames>
        <LocalizedName description="CDSP" languagecode="1033" />
      </LocalizedNames>
      <Descriptions>
        <Description description="CDSP" languagecode="1033" />
      </Descriptions>
      <EMailAddress xsi:nil="true"></EMailAddress>
      <SupportingWebsiteUrl xsi:nil="true"></SupportingWebsiteUrl>
      <CustomizationPrefix>cdsp</CustomizationPrefix>
      <CustomizationOptionValuePrefix>50762</CustomizationOptionValuePrefix>
      <Addresses>
        <Address>
          <AddressNumber>1</AddressNumber>
          <AddressTypeCode>1</AddressTypeCode>
          <City xsi:nil="true"></City>
          <County xsi:nil="true"></County>
          <Country xsi:nil="true"></Country>
          <Fax xsi:nil="true"></Fax>
          <FreightTermsCode xsi:nil="true"></FreightTermsCode>
          <ImportSequenceNumber xsi:nil="true"></ImportSequenceNumber>
          <Latitude xsi:nil="true"></Latitude>
          <Line1 xsi:nil="true"></Line1>
          <Line2 xsi:nil="true"></Line2>
          <Line3 xsi:nil="true"></Line3>
          <Longitude xsi:nil="true"></Longitude>
          <Name xsi:nil="true"></Name>
          <PostalCode xsi:nil="true"></PostalCode>
          <PostOfficeBox xsi:nil="true"></PostOfficeBox>
          <PrimaryContactName xsi:nil="true"></PrimaryContactName>
          <ShippingMethodCode>1</ShippingMethodCode>
          <StateOrProvince xsi:nil="true"></StateOrProvince>
          <Telephone1 xsi:nil="true"></Telephone1>
          <Telephone2 xsi:nil="true"></Telephone2>
          <Telephone3 xsi:nil="true"></Telephone3>
          <TimeZoneRuleVersionNumber xsi:nil="true"></TimeZoneRuleVersionNumber>
          <UPSZone xsi:nil="true"></UPSZone>
          <UTCOffset xsi:nil="true"></UTCOffset>
          <UTCConversionTimeZoneCode xsi:nil="true"></UTCConversionTimeZoneCode>
        </Address>
        <Address>
          <AddressNumber>2</AddressNumber>
          <AddressTypeCode>1</AddressTypeCode>
          <City xsi:nil="true"></City>
          <County xsi:nil="true"></County>
          <Country xsi:nil="true"></Country>
          <Fax xsi:nil="true"></Fax>
          <FreightTermsCode xsi:nil="true"></FreightTermsCode>
          <ImportSequenceNumber xsi:nil="true"></ImportSequenceNumber>
          <Latitude xsi:nil="true"></Latitude>
          <Line1 xsi:nil="true"></Line1>
          <Line2 xsi:nil="true"></Line2>
          <Line3 xsi:nil="true"></Line3>
          <Longitude xsi:nil="true"></Longitude>
          <Name xsi:nil="true"></Name>
          <PostalCode xsi:nil="true"></PostalCode>
          <PostOfficeBox xsi:nil="true"></PostOfficeBox>
          <PrimaryContactName xsi:nil="true"></PrimaryContactName>
          <ShippingMethodCode>1</ShippingMethodCode>
          <StateOrProvince xsi:nil="true"></StateOrProvince>
          <Telephone1 xsi:nil="true"></Telephone1>
          <Telephone2 xsi:nil="true"></Telephone2>
          <Telephone3 xsi:nil="true"></Telephone3>
          <TimeZoneRuleVersionNumber xsi:nil="true"></TimeZoneRuleVersionNumber>
          <UPSZone xsi:nil="true"></UPSZone>
          <UTCOffset xsi:nil="true"></UTCOffset>
          <UTCConversionTimeZoneCode xsi:nil="true"></UTCConversionTimeZoneCode>
        </Address>
      </Addresses>
    </Publisher>
    <RootComponents>
      <RootComponent type="1" schemaName="account" behavior="1" />
      <RootComponent type="1" schemaName="cdsp_naic6title" behavior="0" />
      <RootComponent type="1" schemaName="cdsp_naics2industry" behavior="0" />
      <RootComponent type="1" schemaName="cdsp_naics4subsector" behavior="0" />
      <RootComponent type="60" id="{805b41d6-c9fa-4cec-a79d-8f0d691ef217}" behavior="0" />
      <RootComponent type="60" id="{8448b78f-8f42-454e-8e2a-f8196b0419af}" />
      <RootComponent type="60" id="{db595081-1916-4e95-b893-dbc057a67d66}" behavior="0" />
      <RootComponent type="60" id="{e58edb98-24ef-46d0-a52d-6383f18a5689}" behavior="0" />
    </RootComponents>
    <MissingDependencies>
      <MissingDependency>
        <Required key="0" type="1" schemaName="msdyn_accountpricelist" displayName="Account Project Price List" solution="ProjectService (3.10.0.31)" />
        <Dependent key="1" type="60" displayName="Account" parentDisplayName="Account" id="{8448b78f-8f42-454e-8e2a-f8196b0419af}" />
      </MissingDependency>
      <MissingDependency>
        <Required key="2" type="2" schemaName="msdyn_taxexempt" displayName="Tax Exempt" parentSchemaName="account" parentDisplayName="Account" solution="FieldService (8.8.0.88)" />
        <Dependent key="1" type="60" displayName="Account" parentDisplayName="Account" id="{8448b78f-8f42-454e-8e2a-f8196b0419af}" />
      </MissingDependency>
      <MissingDependency>
        <Required key="3" type="2" schemaName="new_iframe" displayName="IFrame" parentSchemaName="account" parentDisplayName="Account" solution="Active" />
        <Dependent key="1" type="60" displayName="Account" parentDisplayName="Account" id="{8448b78f-8f42-454e-8e2a-f8196b0419af}" />
      </MissingDependency>
      <MissingDependency>
        <Required key="4" type="2" schemaName="defaultpricelevelid" displayName="Product Price List" parentSchemaName="account" parentDisplayName="Account" solution="msdynce_ProductManagement (9.0.4.0066)" />
        <Dependent key="1" type="60" displayName="Account" parentDisplayName="Account" id="{8448b78f-8f42-454e-8e2a-f8196b0419af}" />
      </MissingDependency>
      <MissingDependency>
        <Required key="5" type="2" schemaName="msdyn_billingaccount" displayName="Billing Account" parentSchemaName="account" parentDisplayName="Account" solution="FieldService (8.8.0.88)" />
        <Dependent key="1" type="60" displayName="Account" parentDisplayName="Account" id="{8448b78f-8f42-454e-8e2a-f8196b0419af}" />
      </MissingDependency>
      <MissingDependency>
        <Required key="6" type="2" schemaName="msdyn_travelchargetype" displayName="Travel Charge Type" parentSchemaName="account" parentDisplayName="Account" solution="FieldService (8.8.0.88)" />
        <Dependent key="1" type="60" displayName="Account" parentDisplayName="Account" id="{8448b78f-8f42-454e-8e2a-f8196b0419af}" />
      </MissingDependency>
      <MissingDependency>
        <Required key="7" type="2" schemaName="msdyn_workhourtemplate" displayName="Work Hour Template" parentSchemaName="account" parentDisplayName="Account" solution="FieldService (8.8.0.88)" />
        <Dependent key="1" type="60" displayName="Account" parentDisplayName="Account" id="{8448b78f-8f42-454e-8e2a-f8196b0419af}" />
      </MissingDependency>
      <MissingDependency>
        <Required key="8" type="2" schemaName="msdyn_travelcharge" displayName="Travel Charge" parentSchemaName="account" parentDisplayName="Account" solution="FieldService (8.8.0.88)" />
        <Dependent key="1" type="60" displayName="Account" parentDisplayName="Account" id="{8448b78f-8f42-454e-8e2a-f8196b0419af}" />
      </MissingDependency>
      <MissingDependency>
        <Required key="9" type="2" schemaName="msdyn_salestaxcode" displayName="Sales Tax Code" parentSchemaName="account" parentDisplayName="Account" solution="FieldService (8.8.0.88)" />
        <Dependent key="1" type="60" displayName="Account" parentDisplayName="Account" id="{8448b78f-8f42-454e-8e2a-f8196b0419af}" />
      </MissingDependency>
      <MissingDependency>
        <Required key="10" type="2" schemaName="msdyn_serviceterritory" displayName="Service Territory" parentSchemaName="account" parentDisplayName="Account" solution="FieldService (8.8.0.88)" />
        <Dependent key="1" type="60" displayName="Account" parentDisplayName="Account" id="{8448b78f-8f42-454e-8e2a-f8196b0419af}" />
      </MissingDependency>
      <MissingDependency>
        <Required key="11" type="2" schemaName="msdyn_workorderinstructions" displayName="Work Order Instructions" parentSchemaName="account" parentDisplayName="Account" solution="FieldService (8.8.0.88)" />
        <Dependent key="1" type="60" displayName="Account" parentDisplayName="Account" id="{8448b78f-8f42-454e-8e2a-f8196b0419af}" />
      </MissingDependency>
      <MissingDependency>
        <Required key="12" type="2" schemaName="cr236_accountoptions" displayName="AccountOptions" parentSchemaName="account" parentDisplayName="Account" solution="Active" />
        <Dependent key="1" type="60" displayName="Account" parentDisplayName="Account" id="{8448b78f-8f42-454e-8e2a-f8196b0419af}" />
      </MissingDependency>
      <MissingDependency>
        <Required key="13" type="2" schemaName="new_googleapipcf" displayName="Google API PCF" parentSchemaName="account" parentDisplayName="Account" solution="Active" />
        <Dependent key="1" type="60" displayName="Account" parentDisplayName="Account" id="{8448b78f-8f42-454e-8e2a-f8196b0419af}" />
      </MissingDependency>
      <MissingDependency>
        <Required key="14" type="2" schemaName="cr236_pcfformatting" displayName="PCF Formatting" parentSchemaName="account" parentDisplayName="Account" solution="Active" />
        <Dependent key="1" type="60" displayName="Account" parentDisplayName="Account" id="{8448b78f-8f42-454e-8e2a-f8196b0419af}" />
      </MissingDependency>
      <MissingDependency>
        <Required key="15" type="2" schemaName="msdyn_taxexemptnumber" displayName="Tax Exempt Number" parentSchemaName="account" parentDisplayName="Account" solution="FieldService (8.8.0.88)" />
        <Dependent key="1" type="60" displayName="Account" parentDisplayName="Account" id="{8448b78f-8f42-454e-8e2a-f8196b0419af}" />
      </MissingDependency>
      <MissingDependency>
        <Required key="16" type="2" schemaName="new_webapi" displayName="Web API" parentSchemaName="account" parentDisplayName="Account" solution="Active" />
        <Dependent key="1" type="60" displayName="Account" parentDisplayName="Account" id="{8448b78f-8f42-454e-8e2a-f8196b0419af}" />
      </MissingDependency>
      <MissingDependency>
        <Required key="17" type="10" schemaName="msdyn_account_msdyn_payment_Account" displayName="msdyn_account_msdyn_payment_Account" parentSchemaName="account" parentDisplayName="Account" solution="FieldService (8.8.0.88)" />
        <Dependent key="1" type="60" displayName="Account" parentDisplayName="Account" id="{8448b78f-8f42-454e-8e2a-f8196b0419af}" />
      </MissingDependency>
      <MissingDependency>
        <Required key="18" type="10" schemaName="msdyn_territory_account_ServiceTerritory" displayName="msdyn_territory_account_ServiceTerritory" parentSchemaName="territory" parentDisplayName="Territory" solution="FieldService (8.8.0.88)" />
        <Dependent key="1" type="60" displayName="Account" parentDisplayName="Account" id="{8448b78f-8f42-454e-8e2a-f8196b0419af}" />
      </MissingDependency>
      <MissingDependency>
        <Required key="19" type="10" schemaName="msdyn_account_msdyn_agreement_ServiceAccount" displayName="msdyn_account_msdyn_agreement_ServiceAccount" parentSchemaName="account" parentDisplayName="Account" solution="FieldService (8.8.0.88)" />
        <Dependent key="1" type="60" displayName="Account" parentDisplayName="Account" id="{8448b78f-8f42-454e-8e2a-f8196b0419af}" />
      </MissingDependency>
      <MissingDependency>
        <Required key="20" type="10" schemaName="msdyn_account_account_BillingAccount" displayName="msdyn_account_account_BillingAccount" parentSchemaName="account" parentDisplayName="Account" solution="FieldService (8.8.0.88)" />
        <Dependent key="1" type="60" displayName="Account" parentDisplayName="Account" id="{8448b78f-8f42-454e-8e2a-f8196b0419af}" />
      </MissingDependency>
      <MissingDependency>
        <Required key="21" type="10" schemaName="msdyn_account_msdyn_workorder_BillingAccount" displayName="msdyn_account_msdyn_workorder_BillingAccount" parentSchemaName="account" parentDisplayName="Account" solution="FieldService (8.8.0.88)" />
        <Dependent key="1" type="60" displayName="Account" parentDisplayName="Account" id="{8448b78f-8f42-454e-8e2a-f8196b0419af}" />
      </MissingDependency>
      <MissingDependency>
        <Required key="22" type="10" schemaName="msdyn_account_msdyn_agreement_BillingAccount" displayName="msdyn_account_msdyn_agreement_BillingAccount" parentSchemaName="account" parentDisplayName="Account" solution="FieldService (8.8.0.88)" />
        <Dependent key="1" type="60" displayName="Account" parentDisplayName="Account" id="{8448b78f-8f42-454e-8e2a-f8196b0419af}" />
      </MissingDependency>
      <MissingDependency>
        <Required key="23" type="10" schemaName="msdyn_account_msdyn_workorder_ServiceAccount" displayName="msdyn_account_msdyn_workorder_ServiceAccount" parentSchemaName="account" parentDisplayName="Account" solution="FieldService (8.8.0.88)" />
        <Dependent key="1" type="60" displayName="Account" parentDisplayName="Account" id="{8448b78f-8f42-454e-8e2a-f8196b0419af}" />
      </MissingDependency>
      <MissingDependency>
        <Required key="24" type="10" schemaName="msdyn_msdyn_workhourtemplate_account_workhourtemplate" displayName="msdyn_msdyn_workhourtemplate_account_workhourtemplate" parentSchemaName="msdyn_workhourtemplate" parentDisplayName="Work template" solution="FieldService (8.8.0.88)" />
        <Dependent key="1" type="60" displayName="Account" parentDisplayName="Account" id="{8448b78f-8f42-454e-8e2a-f8196b0419af}" />
      </MissingDependency>
      <MissingDependency>
        <Required key="25" type="10" schemaName="msdyn_account_msdyn_rma_BillingAccount" displayName="msdyn_account_msdyn_rma_BillingAccount" parentSchemaName="account" parentDisplayName="Account" solution="FieldService (8.8.0.88)" />
        <Dependent key="1" type="60" displayName="Account" parentDisplayName="Account" id="{8448b78f-8f42-454e-8e2a-f8196b0419af}" />
      </MissingDependency>
      <MissingDependency>
        <Required key="26" type="10" schemaName="msdyn_msdyn_taxcode_account_SalesTaxCode" displayName="msdyn_msdyn_taxcode_account_SalesTaxCode" parentSchemaName="msdyn_taxcode" parentDisplayName="Tax Code" solution="FieldService (8.8.0.88)" />
        <Dependent key="1" type="60" displayName="Account" parentDisplayName="Account" id="{8448b78f-8f42-454e-8e2a-f8196b0419af}" />
      </MissingDependency>
      <MissingDependency>
        <Required key="27" type="10" schemaName="msdyn_account_msdyn_purchaseorder_Vendor" displayName="msdyn_account_msdyn_purchaseorder_Vendor" parentSchemaName="account" parentDisplayName="Account" solution="FieldService (8.8.0.88)" />
        <Dependent key="1" type="60" displayName="Account" parentDisplayName="Account" id="{8448b78f-8f42-454e-8e2a-f8196b0419af}" />
      </MissingDependency>
      <MissingDependency>
        <Required key="28" type="10" schemaName="msdyn_account_msdyn_rtv_Vendor" displayName="msdyn_account_msdyn_rtv_Vendor" parentSchemaName="account" parentDisplayName="Account" solution="FieldService (8.8.0.88)" />
        <Dependent key="1" type="60" displayName="Account" parentDisplayName="Account" id="{8448b78f-8f42-454e-8e2a-f8196b0419af}" />
      </MissingDependency>
      <MissingDependency>
        <Required key="29" type="10" schemaName="msdyn_account_msdyn_project_Customer" displayName="msdyn_account_msdyn_project_Customer" parentSchemaName="account" parentDisplayName="Account" solution="ProjectService (3.10.0.31)" />
        <Dependent key="1" type="60" displayName="Account" parentDisplayName="Account" id="{8448b78f-8f42-454e-8e2a-f8196b0419af}" />
      </MissingDependency>
      <MissingDependency>
        <Required key="30" type="10" schemaName="msdyn_account_msdyn_customerasset_Account" displayName="msdyn_account_msdyn_customerasset_Account" parentSchemaName="account" parentDisplayName="Account" solution="FieldService (8.8.0.88)" />
        <Dependent key="1" type="60" displayName="Account" parentDisplayName="Account" id="{8448b78f-8f42-454e-8e2a-f8196b0419af}" />
      </MissingDependency>
      <MissingDependency>
        <Required key="31" type="10" schemaName="msdyn_account_msdyn_rma_ServiceAccount" displayName="msdyn_account_msdyn_rma_ServiceAccount" parentSchemaName="account" parentDisplayName="Account" solution="FieldService (8.8.0.88)" />
        <Dependent key="1" type="60" displayName="Account" parentDisplayName="Account" id="{8448b78f-8f42-454e-8e2a-f8196b0419af}" />
      </MissingDependency>
      <MissingDependency>
        <Required key="32" type="10" schemaName="msdyn_account_msdyn_accountpricelist_Account" displayName="msdyn_account_msdyn_accountpricelist_Account" parentSchemaName="account" parentDisplayName="Account" solution="ProjectService (3.10.0.31)" />
        <Dependent key="1" type="60" displayName="Account" parentDisplayName="Account" id="{8448b78f-8f42-454e-8e2a-f8196b0419af}" />
      </MissingDependency>
      <MissingDependency>
        <Required key="33" type="26" schemaName="Active Project Price Lists" displayName="Active Project Price Lists" parentSchemaName="msdyn_accountpricelist" parentDisplayName="Account Project Price List" solution="ProjectService (3.10.0.31)" id="{9e8bd99a-72e8-49fe-8c6f-ec1ac8407f5a}" />
        <Dependent key="1" type="60" displayName="Account" parentDisplayName="Account" id="{8448b78f-8f42-454e-8e2a-f8196b0419af}" />
      </MissingDependency>
      <MissingDependency>
        <Required key="34" type="60" displayName="account contact card" parentDisplayName="Contact" solution="msdynce_AppCommon (9.0.4.0066)" id="{29de27bc-a257-4f29-99cf-bab4a84e688f}" />
        <Dependent key="1" type="60" displayName="Account" parentDisplayName="Account" id="{8448b78f-8f42-454e-8e2a-f8196b0419af}" />
      </MissingDependency>
      <MissingDependency>
        <Required key="1" type="60" displayName="Account" parentDisplayName="Account" solution="msdynce_AppCommon (9.0.4.0066)" id="{8448b78f-8f42-454e-8e2a-f8196b0419af}" />
        <Dependent key="1" type="60" displayName="Account" parentDisplayName="Account" id="{8448b78f-8f42-454e-8e2a-f8196b0419af}" />
      </MissingDependency>
      <MissingDependency>
        <Required key="35" type="66" schemaName="cdsp_PCFControls.PCFNaicsCodeSplitter" displayName="cdsp_PCFControls.PCFNaicsCodeSplitter" solution="Active" />
        <Dependent key="1" type="60" displayName="Account" parentDisplayName="Account" id="{8448b78f-8f42-454e-8e2a-f8196b0419af}" />
      </MissingDependency>
      <MissingDependency>
        <Required key="36" type="66" schemaName="MscrmControls.Slider.LinearSliderControl" displayName="MscrmControls.Slider.LinearSliderControl" solution="CustomControlsCore (9.1.0000.16233)" />
        <Dependent key="1" type="60" displayName="Account" parentDisplayName="Account" id="{8448b78f-8f42-454e-8e2a-f8196b0419af}" />
      </MissingDependency>
      <MissingDependency>
        <Required key="37" type="66" schemaName="carpx_SampleNamespace.FormattingAPI" displayName="carpx_SampleNamespace.FormattingAPI" solution="Active" />
        <Dependent key="1" type="60" displayName="Account" parentDisplayName="Account" id="{8448b78f-8f42-454e-8e2a-f8196b0419af}" />
      </MissingDependency>
      <MissingDependency>
        <Required key="38" type="66" schemaName="carpx_SampleNamespace.TSWebAPI" displayName="carpx_SampleNamespace.TSWebAPI" solution="Active" />
        <Dependent key="1" type="60" displayName="Account" parentDisplayName="Account" id="{8448b78f-8f42-454e-8e2a-f8196b0419af}" />
      </MissingDependency>
      <MissingDependency>
        <Required key="39" type="66" schemaName="carpx_SampleNamespace.TSTableGrid" displayName="carpx_SampleNamespace.TSTableGrid" solution="Active" />
        <Dependent key="1" type="60" displayName="Account" parentDisplayName="Account" id="{8448b78f-8f42-454e-8e2a-f8196b0419af}" />
      </MissingDependency>
      <MissingDependency>
        <Required key="40" type="66" schemaName="carpx_SampleNamespace.TSDataSetGrid" displayName="carpx_SampleNamespace.TSDataSetGrid" solution="Active" />
        <Dependent key="1" type="60" displayName="Account" parentDisplayName="Account" id="{8448b78f-8f42-454e-8e2a-f8196b0419af}" />
      </MissingDependency>
      <MissingDependency>
        <Required key="41" type="66" schemaName="carpx_SampleNamespace.TSMapControl" displayName="carpx_SampleNamespace.TSMapControl" solution="Active" />
        <Dependent key="1" type="60" displayName="Account" parentDisplayName="Account" id="{8448b78f-8f42-454e-8e2a-f8196b0419af}" />
      </MissingDependency>
      <MissingDependency>
        <Required key="42" type="66" schemaName="MscrmControls.CardFeedContainer.CardFeedContainer" displayName="MscrmControls.CardFeedContainer.CardFeedContainer" solution="BaseCustomControlsCore (9.0.2003.5017)" />
        <Dependent key="1" type="60" displayName="Account" parentDisplayName="Account" id="{8448b78f-8f42-454e-8e2a-f8196b0419af}" />
      </MissingDependency>
      <MissingDependency>
        <Required key="43" type="61" schemaName="msdyn_/Libraries/require/require.js" displayName="msdyn_/Libraries/require/require.js" solution="ProjectService (3.10.0.31)" />
        <Dependent key="1" type="60" displayName="Account" parentDisplayName="Account" id="{8448b78f-8f42-454e-8e2a-f8196b0419af}" />
      </MissingDependency>
      <MissingDependency>
        <Required key="44" type="61" schemaName="msdyn_/Account/Account.Library.js" displayName="msdyn_/Account/Account.Library.js" solution="FieldService (8.8.0.88)" />
        <Dependent key="1" type="60" displayName="Account" parentDisplayName="Account" id="{8448b78f-8f42-454e-8e2a-f8196b0419af}" />
      </MissingDependency>
      <MissingDependency>
        <Required key="45" type="61" schemaName="msdyn_/Utils/FieldServiceTrial.js" displayName="msdyn_/Utils/FieldServiceTrial.js" solution="FieldService (8.8.0.88)" />
        <Dependent key="1" type="60" displayName="Account" parentDisplayName="Account" id="{8448b78f-8f42-454e-8e2a-f8196b0419af}" />
      </MissingDependency>
    </MissingDependencies>
  </SolutionManifest>
</ImportExportXml>